file,total_features,polygon_features,multipolygon_features,geometrycollection_with_polygons,features_with_polygon_any
data2/120322312.geojson,938,938,0,0,938
data2/120322321.geojson,39862,39862,0,0,39862
data2/120322323.geojson,42233,42233,0,0,42233
data2/120322330.geojson,75559,75559,0,0,75559
data2/120322331.geojson,42321,42321,0,0,42321
data2/120322332.geojson,104116,104116,0,0,104116
data2/120322333.geojson,181951,181951,0,0,181951
data2/120323220.geojson,173,173,0,0,173
data2/120323222.geojson,267563,267563,0,0,267563
data2/120323223.geojson,426684,426684,0,0,426684
data2/120323232.geojson,51172,51172,0,0,51172
data2/120323233.geojson,75728,75728,0,0,75728
data2/120323321.geojson,35136,35136,0,0,35136
data2/120323322.geojson,78594,78594,0,0,78594
data2/120323323.geojson,156539,156539,0,0,156539
data2/120323330.geojson,72251,72251,0,0,72251
data2/120323331.geojson,65352,65352,0,0,65352
data2/120323332.geojson,91277,91277,0,0,91277
data2/120323333.geojson,54627,54627,0,0,54627
data2/120332203.geojson,824,824,0,0,824
data2/120332212.geojson,10,10,0,0,10
data2/120332220.geojson,40456,40456,0,0,40456
data2/120332221.geojson,76052,76052,0,0,76052
data2/120332222.geojson,79066,79066,0,0,79066
data2/120332223.geojson,69260,69260,0,0,69260
data2/120332230.geojson,48534,48534,0,0,48534
data2/120332231.geojson,33617,33617,0,0,33617
data2/120332232.geojson,80400,80400,0,0,80400
data2/120332233.geojson,149187,149187,0,0,149187
data2/120332322.geojson,155183,155183,0,0,155183
data2/120332323.geojson,56730,56730,0,0,56730
data2/120332333.geojson,36540,36540,0,0,36540
data2/120333222.geojson,45534,45534,0,0,45534
data2/120333223.geojson,34550,34550,0,0,34550
data2/120333231.geojson,1,1,0,0,1
data2/120333232.geojson,32003,32003,0,0,32003
data2/120333233.geojson,49827,49827,0,0,49827
data2/120333320.geojson,2734,2734,0,0,2734
data2/120333322.geojson,59314,59314,0,0,59314
data2/120333323.geojson,14345,14345,0,0,14345
data2/122100101.geojson,75804,75804,0,0,75804
data2/122100102.geojson,8177,8177,0,0,8177
data2/122100103.geojson,65485,65485,0,0,65485
data2/122100110.geojson,69851,69851,0,0,69851
data2/122100111.geojson,36495,36495,0,0,36495
data2/122100112.geojson,102836,102836,0,0,102836
data2/122100113.geojson,104330,104330,0,0,104330
data2/122100120.geojson,480,480,0,0,480
data2/122100121.geojson,82130,82130,0,0,82130
data2/122100123.geojson,16613,16613,0,0,16613
data2/122100130.geojson,129526,129526,0,0,129526
data2/122100131.geojson,160966,160966,0,0,160966
data2/122100132.geojson,151271,151271,0,0,151271
data2/122100133.geojson,123313,123313,0,0,123313
data2/122100301.geojson,66459,66459,0,0,66459
data2/122100303.geojson,5894,5894,0,0,5894
data2/122100310.geojson,391215,391215,0,0,391215
data2/122100311.geojson,173218,173218,0,0,173218
data2/122100312.geojson,211409,211409,0,0,211409
data2/122100313.geojson,272977,272977,0,0,272977
data2/122100330.geojson,48702,48702,0,0,48702
data2/122100331.geojson,159555,159555,0,0,159555
data2/122100332.geojson,79319,79319,0,0,79319
data2/122100333.geojson,65454,65454,0,0,65454
data2/122101000.geojson,14484,14484,0,0,14484
data2/122101001.geojson,368452,368452,0,0,368452
data2/122101002.geojson,130453,130453,0,0,130453
data2/122101003.geojson,279098,279098,0,0,279098
data2/122101010.geojson,251871,251871,0,0,251871
data2/122101011.geojson,279131,279131,0,0,279131
data2/122101012.geojson,105962,105962,0,0,105962
data2/122101013.geojson,55532,55532,0,0,55532
data2/122101020.geojson,85225,85225,0,0,85225
data2/122101021.geojson,92616,92616,0,0,92616
data2/122101022.geojson,73597,73597,0,0,73597
data2/122101023.geojson,88722,88722,0,0,88722
data2/122101030.geojson,93258,93258,0,0,93258
data2/122101031.geojson,121962,121962,0,0,121962
data2/122101032.geojson,48650,48650,0,0,48650
data2/122101033.geojson,66860,66860,0,0,66860
data2/122101100.geojson,189761,189761,0,0,189761
data2/122101101.geojson,78469,78469,0,0,78469
data2/122101102.geojson,37257,37257,0,0,37257
data2/122101103.geojson,56917,56917,0,0,56917
data2/122101110.geojson,56443,56443,0,0,56443
data2/122101111.geojson,64853,64853,0,0,64853
data2/122101112.geojson,277621,277621,0,0,277621
data2/122101113.geojson,73921,73921,0,0,73921
data2/122101120.geojson,49240,49240,0,0,49240
data2/122101121.geojson,51329,51329,0,0,51329
data2/122101122.geojson,53426,53426,0,0,53426
data2/122101123.geojson,40515,40515,0,0,40515
data2/122101130.geojson,175545,175545,0,0,175545
data2/122101131.geojson,97267,97267,0,0,97267
data2/122101132.geojson,64207,64207,0,0,64207
data2/122101133.geojson,62063,62063,0,0,62063
data2/122101200.geojson,126902,126902,0,0,126902
data2/122101201.geojson,105579,105579,0,0,105579
data2/122101202.geojson,172682,172682,0,0,172682
data2/122101203.geojson,167165,167165,0,0,167165
data2/122101210.geojson,80302,80302,0,0,80302
data2/122101211.geojson,144465,144465,0,0,144465
data2/122101212.geojson,81162,81162,0,0,81162
data2/122101213.geojson,107257,107257,0,0,107257
data2/122101220.geojson,100790,100790,0,0,100790
data2/122101221.geojson,95882,95882,0,0,95882
data2/122101222.geojson,120180,120180,0,0,120180
data2/122101223.geojson,121498,121498,0,0,121498
data2/122101230.geojson,68507,68507,0,0,68507
data2/122101231.geojson,87163,87163,0,0,87163
data2/122101232.geojson,94165,94165,0,0,94165
data2/122101233.geojson,257160,257160,0,0,257160
data2/122101300.geojson,93314,93314,0,0,93314
data2/122101301.geojson,51086,51086,0,0,51086
data2/122101302.geojson,68236,68236,0,0,68236
data2/122101303.geojson,64063,64063,0,0,64063
data2/122101310.geojson,45160,45160,0,0,45160
data2/122101311.geojson,33285,33285,0,0,33285
data2/122101312.geojson,223125,223125,0,0,223125
data2/122101313.geojson,64697,64697,0,0,64697
data2/122101320.geojson,33258,33258,0,0,33258
data2/122101321.geojson,62800,62800,0,0,62800
data2/122101322.geojson,149209,149209,0,0,149209
data2/122101323.geojson,59074,59074,0,0,59074
data2/122101330.geojson,85134,85134,0,0,85134
data2/122101331.geojson,78439,78439,0,0,78439
data2/122101332.geojson,40091,40091,0,0,40091
data2/122101333.geojson,47380,47380,0,0,47380
data2/122102111.geojson,67,67,0,0,67
data2/122103001.geojson,62609,62609,0,0,62609
data2/122103010.geojson,61339,61339,0,0,61339
data2/122103011.geojson,49029,49029,0,0,49029
data2/122103101.geojson,58731,58731,0,0,58731
data2/122103110.geojson,67008,67008,0,0,67008
data2/122103111.geojson,49393,49393,0,0,49393
data2/122103112.geojson,229,229,0,0,229
data2/122110000.geojson,52546,52546,0,0,52546
data2/122110001.geojson,106170,106170,0,0,106170
data2/122110002.geojson,46875,46875,0,0,46875
data2/122110003.geojson,58951,58951,0,0,58951
data2/122110010.geojson,115597,115597,0,0,115597
data2/122110011.geojson,75476,75476,0,0,75476
data2/122110012.geojson,61412,61412,0,0,61412
data2/122110013.geojson,101065,101065,0,0,101065
data2/122110020.geojson,46268,46268,0,0,46268
data2/122110021.geojson,58687,58687,0,0,58687
data2/122110022.geojson,76300,76300,0,0,76300
data2/122110023.geojson,60086,60086,0,0,60086
data2/122110030.geojson,71766,71766,0,0,71766
data2/122110031.geojson,36278,36278,0,0,36278
data2/122110032.geojson,73303,73303,0,0,73303
data2/122110033.geojson,55812,55812,0,0,55812
data2/122110100.geojson,123847,123847,0,0,123847
data2/122110101.geojson,180645,180645,0,0,180645
data2/122110102.geojson,40212,40212,0,0,40212
data2/122110103.geojson,45141,45141,0,0,45141
data2/122110110.geojson,126864,126864,0,0,126864
data2/122110111.geojson,126136,126136,0,0,126136
data2/122110112.geojson,48194,48194,0,0,48194
data2/122110113.geojson,45796,45796,0,0,45796
data2/122110120.geojson,63356,63356,0,0,63356
data2/122110121.geojson,25838,25838,0,0,25838
data2/122110122.geojson,18693,18693,0,0,18693
data2/122110123.geojson,26301,26301,0,0,26301
data2/122110130.geojson,24581,24581,0,0,24581
data2/122110131.geojson,18528,18528,0,0,18528
data2/122110132.geojson,22491,22491,0,0,22491
data2/122110133.geojson,22573,22573,0,0,22573
data2/122110200.geojson,127711,127711,0,0,127711
data2/122110201.geojson,128174,128174,0,0,128174
data2/122110202.geojson,64371,64371,0,0,64371
data2/122110203.geojson,114936,114936,0,0,114936
data2/122110210.geojson,197277,197277,0,0,197277
data2/122110211.geojson,38804,38804,0,0,38804
data2/122110212.geojson,38583,38583,0,0,38583
data2/122110213.geojson,47183,47183,0,0,47183
data2/122110220.geojson,76757,76757,0,0,76757
data2/122110221.geojson,65135,65135,0,0,65135
data2/122110222.geojson,66135,66135,0,0,66135
data2/122110223.geojson,202488,202488,0,0,202488
data2/122110230.geojson,82868,82868,0,0,82868
data2/122110231.geojson,131381,131381,0,0,131381
data2/122110232.geojson,285239,285239,0,0,285239
data2/122110233.geojson,157507,157507,0,0,157507
data2/122110300.geojson,27766,27766,0,0,27766
data2/122110301.geojson,53739,53739,0,0,53739
data2/122110302.geojson,70273,70273,0,0,70273
data2/122110303.geojson,51394,51394,0,0,51394
data2/122110310.geojson,137756,137756,0,0,137756
data2/122110311.geojson,100842,100842,0,0,100842
data2/122110312.geojson,48995,48995,0,0,48995
data2/122110313.geojson,51689,51689,0,0,51689
data2/122110320.geojson,150523,150523,0,0,150523
data2/122110321.geojson,73666,73666,0,0,73666
data2/122110322.geojson,63459,63459,0,0,63459
data2/122110323.geojson,188965,188965,0,0,188965
data2/122110330.geojson,54767,54767,0,0,54767
data2/122110331.geojson,62978,62978,0,0,62978
data2/122110332.geojson,72476,72476,0,0,72476
data2/122110333.geojson,134693,134693,0,0,134693
data2/122111000.geojson,149986,149986,0,0,149986
data2/122111001.geojson,93738,93738,0,0,93738
data2/122111002.geojson,42071,42071,0,0,42071
data2/122111003.geojson,29047,29047,0,0,29047
data2/122111010.geojson,27745,27745,0,0,27745
data2/122111011.geojson,42607,42607,0,0,42607
data2/122111012.geojson,33920,33920,0,0,33920
data2/122111013.geojson,40581,40581,0,0,40581
data2/122111020.geojson,70114,70114,0,0,70114
data2/122111021.geojson,25560,25560,0,0,25560
data2/122111022.geojson,29770,29770,0,0,29770
data2/122111023.geojson,50132,50132,0,0,50132
data2/122111030.geojson,38343,38343,0,0,38343
data2/122111031.geojson,31795,31795,0,0,31795
data2/122111032.geojson,48761,48761,0,0,48761
data2/122111033.geojson,52305,52305,0,0,52305
data2/122111100.geojson,45238,45238,0,0,45238
data2/122111101.geojson,47164,47164,0,0,47164
data2/122111102.geojson,25052,25052,0,0,25052
data2/122111103.geojson,25265,25265,0,0,25265
data2/122111110.geojson,7664,7664,0,0,7664
data2/122111112.geojson,43516,43516,0,0,43516
data2/122111113.geojson,6854,6854,0,0,6854
data2/122111120.geojson,38173,38173,0,0,38173
data2/122111121.geojson,64475,64475,0,0,64475
data2/122111122.geojson,73090,73090,0,0,73090
data2/122111123.geojson,86558,86558,0,0,86558
data2/122111130.geojson,80303,80303,0,0,80303
data2/122111131.geojson,10825,10825,0,0,10825
data2/122111132.geojson,51688,51688,0,0,51688
data2/122111200.geojson,47107,47107,0,0,47107
data2/122111201.geojson,51633,51633,0,0,51633
data2/122111202.geojson,80558,80558,0,0,80558
data2/122111203.geojson,109087,109087,0,0,109087
data2/122111210.geojson,35954,35954,0,0,35954
data2/122111211.geojson,64474,64474,0,0,64474
data2/122111212.geojson,95290,95290,0,0,95290
data2/122111213.geojson,58630,58630,0,0,58630
data2/122111220.geojson,73067,73067,0,0,73067
data2/122111221.geojson,89453,89453,0,0,89453
data2/122111222.geojson,51241,51241,0,0,51241
data2/122111223.geojson,32355,32355,0,0,32355
data2/122111230.geojson,44969,44969,0,0,44969
data2/122111231.geojson,46423,46423,0,0,46423
data2/122111232.geojson,15219,15219,0,0,15219
data2/122111233.geojson,3341,3341,0,0,3341
data2/122111300.geojson,40301,40301,0,0,40301
data2/122111301.geojson,127789,127789,0,0,127789
data2/122111302.geojson,22803,22803,0,0,22803
data2/122111303.geojson,13261,13261,0,0,13261
data2/122111310.geojson,47443,47443,0,0,47443
data2/122111311.geojson,2275,2275,0,0,2275
data2/122111312.geojson,26826,26826,0,0,26826
data2/122111313.geojson,1883,1883,0,0,1883
data2/122111320.geojson,50050,50050,0,0,50050
data2/122111321.geojson,13515,13515,0,0,13515
data2/122111322.geojson,715,715,0,0,715
data2/122111330.geojson,30276,30276,0,0,30276
data2/122111331.geojson,21152,21152,0,0,21152
data2/122111332.geojson,1491,1491,0,0,1491
data2/122111333.geojson,5421,5421,0,0,5421
data2/122112000.geojson,44939,44939,0,0,44939
data2/122112010.geojson,5393,5393,0,0,5393
data2/122112011.geojson,249055,249055,0,0,249055
data2/122112013.geojson,14758,14758,0,0,14758
data2/122112100.geojson,22254,22254,0,0,22254
